Asset,Strategy,RoundTripCost,Annualised Return,Annualised Volatility,Sharpe,Sortino,Skew,Max Drawdown,Avg |Δw|
EEM,BH,0.0,0.03145189402154047,0.2750400893099149,0.24945528699775765,0.3280276206561997,0.6715128966607421,-0.6428303878235857,0.0
EEM,BH,0.0002,0.03145189402154047,0.2750400893099149,0.24945528699775765,0.3280276206561997,0.6715128966607421,-0.6428303878235857,0.0
EEM,BH,0.001,0.03145189402154047,0.2750400893099149,0.24945528699775765,0.3280276206561997,0.6715128966607421,-0.6428303878235857,0.0
EEM,TSMOM,0.0,-0.02749851685479887,0.27507326443188934,0.03801906859185514,0.04639820739190096,-0.8367978881642268,-0.7610733594721453,0.09809630459126539
EEM,TSMOM,0.0002,-0.029902742563478468,0.2750844873291351,0.029033101908191986,0.035437050966827616,-0.8367860894560236,-0.7668070651217123,0.09809630459126539
EEM,TSMOM,0.001,-0.03946512161099103,0.2751464625385867,-0.006903005204626299,-0.008428604575455401,-0.8366142765978365,-0.788408881365045,0.09809630459126539
EEM,VC_CONTRARIAN,0.0,0.11415160072094799,0.27492092850774397,0.5298418416981663,0.7218976257505076,0.7828465141175242,-0.5253445639878966,0.1881298992161254
EEM,VC_CONTRARIAN,0.0002,0.10888692184858262,0.274914484481338,0.5126132202003113,0.6987502242446515,0.7835403670165645,-0.5253445639878966,0.1881298992161254
EEM,VC_CONTRARIAN,0.001,0.08806549583811485,0.2749199542687383,0.44364022919035284,0.605372835170462,0.7860522500501165,-0.5253445639878965,0.1881298992161254
EEM,VC_FLAT,0.0,0.07049211739801486,0.14100089168296423,0.5536228832551321,0.6189277317232074,0.08816754006554094,-0.31120076501854665,0.08891377379619261
EEM,VC_FLAT,0.0002,0.06809829126461064,0.14099405385882235,0.5377616482971517,0.5986644280944569,0.08745206933233496,-0.3140175342991678,0.08891377379619261
EEM,VC_FLAT,0.001,0.05857297665171579,0.1409882259129773,0.474228913817869,0.5302163654176674,0.08455618343195036,-0.33030274338051246,0.08891377379619261
EWJ,BH,0.0,0.04527354973229114,0.20536602937431833,0.3181692027739911,0.4265166677881598,0.24385398800469574,-0.4967325330004052,0.0
EWJ,BH,0.0002,0.04527354973229114,0.20536602937431833,0.3181692027739911,0.4265166677881598,0.24385398800469574,-0.4967325330004052,0.0
EWJ,BH,0.001,0.04527354973229114,0.20536602937431833,0.3181692027739911,0.4265166677881598,0.24385398800469574,-0.4967325330004052,0.0
EWJ,TSMOM,0.0,0.006473629433670025,0.2053998822141994,0.1347490507452624,0.1720702103600089,-0.5994474446921136,-0.42791219582398743,0.1303471444568869
EWJ,TSMOM,0.0002,0.003175480238893691,0.20539111269113627,0.11876573573584727,0.15171459446250518,-0.5989522271048527,-0.45844847266863975,0.1303471444568869
EWJ,TSMOM,0.001,-0.009915892880008936,0.20538593495401508,0.05481084407336734,0.07007589679103947,-0.5966925077649132,-0.568526360740166,0.1303471444568869
EWJ,VC_CONTRARIAN,0.0,0.039576559075309437,0.20537268895984645,0.29135181118503045,0.4119789700163457,0.4701074464426555,-0.5243424544895023,0.2203807390817469
EWJ,VC_CONTRARIAN,0.0002,0.03382072283719317,0.2053743600261789,0.2643141714101655,0.3738233262540769,0.4715874591098932,-0.5360078275780895,0.2203807390817469
EWJ,VC_CONTRARIAN,0.001,0.011103067278120715,0.2054291615483157,0.1561314331848359,0.22097137458979899,0.47714004600834703,-0.5798986288053263,0.2203807390817469
EWJ,VC_FLAT,0.0,0.03832400162726923,0.1108176195111657,0.39485212024034516,0.40930605893330513,-0.23067248175207508,-0.25801558684586556,0.11444568868980963
EWJ,VC_FLAT,0.0002,0.0353353609448428,0.11081190080790447,0.36885195674866295,0.3796613260685302,-0.23327668730230153,-0.26407952041378835,0.11444568868980963
EWJ,VC_FLAT,0.001,0.023462039998682238,0.11082602836416407,0.2647360422217579,0.27375406701511995,-0.24348554016515853,-0.2878532776051408,0.11444568868980963
FXB,BH,0.0,-0.017314044779210058,0.0968207072056904,-0.13178891896858846,-0.17572731733073252,-0.9211866141427159,-0.47905998201312516,0.0
FXB,BH,0.0002,-0.017314044779210058,0.0968207072056904,-0.13178891896858846,-0.17572731733073252,-0.9211866141427159,-0.47905998201312516,0.0
FXB,BH,0.001,-0.017314044779210058,0.0968207072056904,-0.13178891896858846,-0.17572731733073252,-0.9211866141427159,-0.47905998201312516,0.0
FXB,TSMOM,0.0,0.02304455698443575,0.0968085700237998,0.28381417047417445,0.40222276157478265,-0.3086552635431315,-0.19030722279063017,0.10033594624860022
FXB,TSMOM,0.0002,0.02046210564261397,0.09680614197752757,0.25770827966025894,0.3653103407049665,-0.30741531739080885,-0.19740401278983066,0.10033594624860022
FXB,TSMOM,0.001,0.01019221542310289,0.09684603909103377,0.15319310632361677,0.21736157266027611,-0.30208070151822236,-0.2314913593998441,0.10033594624860022
FXB,VC_CONTRARIAN,0.0,-0.009370656735486316,0.09682358543612843,-0.04887419009047811,-0.07061892184925272,0.2720754717362562,-0.3413240785615129,0.1858902575587906
FXB,VC_CONTRARIAN,0.0002,-0.014000650609719556,0.09683493401499811,-0.09723309047049036,-0.14051421298436328,0.274259355094476,-0.35184925084057395,0.1858902575587906
FXB,VC_CONTRARIAN,0.001,-0.03231431403103646,0.09696799465841631,-0.29029271275221047,-0.41997952070148636,0.28180871822652376,-0.4516209810282914,0.1858902575587906
FXB,VC_FLAT,0.0,0.009629420883528805,0.05980810568655244,0.19013701750933862,0.21214085900265117,-0.019074893877845306,-0.15665107616473428,0.10907054871220605
FXB,VC_FLAT,0.0002,0.006858588497073326,0.05981256865731318,0.14417993825157088,0.15973921603054791,-0.02326533335815796,-0.15918458858783746,0.10907054871220605
FXB,VC_FLAT,0.001,-0.0041531062858908285,0.05989583760351625,-0.03953658833151211,-0.04415025092497824,-0.04025234221371362,-0.18546906655779094,0.10907054871220605
FXE,BH,0.0,-0.01616657744480887,0.09115595452235893,-0.13324044008803917,-0.19988422168000775,0.11523035750820394,-0.43328253597473987,0.0
FXE,BH,0.0002,-0.01616657744480887,0.09115595452235893,-0.13324044008803917,-0.19988422168000775,0.11523035750820394,-0.43328253597473987,0.0
FXE,BH,0.001,-0.01616657744480887,0.09115595452235893,-0.13324044008803917,-0.19988422168000775,0.11523035750820394,-0.43328253597473987,0.0
FXE,TSMOM,0.0,0.024766161314691892,0.09114133124334389,0.31402542739036554,0.4555010686119911,-0.17176760395247553,-0.28808312353276233,0.11287793952967526
FXE,TSMOM,0.0002,0.02185654183087915,0.0911376108105399,0.2828339268501153,0.4102185950448141,-0.17207980742068535,-0.294464289235178,0.11287793952967526
FXE,TSMOM,0.001,0.010294694740783372,0.09118161848801086,0.15794038314678946,0.22890456933859987,-0.17309767516017266,-0.33758755318769473,0.11287793952967526
FXE,VC_CONTRARIAN,0.0,-0.012714585178178472,0.09115753959897462,-0.09481941727943755,-0.14318172204859406,0.13440814811708945,-0.39369296616239013,0.20201567749160135
FXE,VC_CONTRARIAN,0.0002,-0.017728595215622867,0.09117389790263883,-0.1506260045224888,-0.22737336204348563,0.135498313408173,-0.4178303857817167,0.20201567749160135
FXE,VC_CONTRARIAN,0.001,-0.0375410952646531,0.09133956968841586,-0.3732421858759282,-0.5631793536189073,0.13881561399734157,-0.5702430803800409,0.20201567749160135
FXE,VC_FLAT,0.0,0.008368994902971938,0.05752440220672836,0.17364101098715354,0.19260274191338436,-0.024585195888255716,-0.18897236582490273,0.11713325867861142
FXE,VC_FLAT,0.0002,0.005397265068729062,0.05753071887418923,0.12232592108425579,0.13502336632900394,-0.028954883086195628,-0.2091628109958099,0.11713325867861142
FXE,VC_FLAT,0.001,-0.00640689513713244,0.057629647813989576,-0.08271594081565464,-0.09205400422126545,-0.047056289873888775,-0.3113838029378144,0.11713325867861142
FXY,BH,0.0,-0.02832095704696247,0.10095744239073895,-0.23413626685678682,-0.35002921327912684,0.2756068968465503,-0.5603043864005512,0.0
FXY,BH,0.0002,-0.02832095704696247,0.10095744239073895,-0.23413626685678682,-0.35002921327912684,0.2756068968465503,-0.5603043864005512,0.0
FXY,BH,0.001,-0.02832095704696247,0.10095744239073895,-0.23413626685678682,-0.35002921327912684,0.2756068968465503,-0.5603043864005512,0.0
FXY,TSMOM,0.0,0.037017583691770994,0.10093465838603152,0.41060923968847335,0.5823881828486225,-0.025921479703542395,-0.21030806708349814,0.1070548712206047
FXY,TSMOM,0.0002,0.03422469019213592,0.10093436532795434,0.38388832712050824,0.5444605329995713,-0.026014537115841764,-0.2158208442735713,0.1070548712206047
FXY,TSMOM,0.001,0.023122610814834577,0.10098377644726426,0.2768643727220572,0.3927170149426702,-0.026468811851350447,-0.24662886008972418,0.1070548712206047
FXY,VC_CONTRARIAN,0.0,-0.02024794826642684,0.10096379125906323,-0.15207940841499737,-0.21029570994324998,-0.17019158757400324,-0.4504541429889092,0.1908174692049272
FXY,VC_CONTRARIAN,0.0002,-0.024947626161538228,0.10096670686323082,-0.19968995506901918,-0.27616206349095523,-0.1698896830477547,-0.4891497006011839,0.1908174692049272
FXY,VC_CONTRARIAN,0.001,-0.04353118777445475,0.10106448720678286,-0.38977223641648084,-0.5396346999536283,-0.1684906013422369,-0.6225442082659813,0.1908174692049272
FXY,VC_FLAT,0.0,0.011016116516054941,0.06461483136477546,0.2018901012431764,0.20998246481837757,-0.31909717581193203,-0.19484835854155869,0.12071668533034714
FXY,VC_FLAT,0.0002,0.007945937852875673,0.06461521308456432,0.15481981809157283,0.1613333759418011,-0.3245185063294311,-0.20684114940810516,0.12071668533034714
FXY,VC_FLAT,0.001,-0.004246689932144498,0.06468657304213705,-0.03341963569890551,-0.03510406824067068,-0.34555508002693747,-0.2707865446783434,0.12071668533034714
GLD,BH,0.0,0.08982336105360855,0.17374558264516088,0.5820911861552063,0.7913491758483472,-0.11606413537063631,-0.4555501273425684,0.0
GLD,BH,0.0002,0.08982336105360855,0.17374558264516088,0.5820911861552063,0.7913491758483472,-0.11606413537063631,-0.4555501273425684,0.0
GLD,BH,0.001,0.08982336105360855,0.17374558264516088,0.5820911861552063,0.7913491758483472,-0.11606413537063631,-0.4555501273425684,0.0
GLD,TSMOM,0.0,0.0200083820960395,0.17384842785483268,0.20106744173014746,0.27333851148151145,-0.2614826000964601,-0.4360036833565121,0.09764837625979843
GLD,TSMOM,0.0002,0.01749838300366391,0.1738691642156376,0.18689381004617747,0.254074232649253,-0.2617255153971056,-0.4420621157678588,0.09764837625979843
GLD,TSMOM,0.001,0.007515024396603565,0.17397899397460842,0.13021295089230223,0.17703948628992344,-0.262714073674175,-0.4656635540202405,0.09764837625979843
GLD,VC_CONTRARIAN,0.0,0.009961855222562876,0.17385523065096242,0.14390515971145246,0.2032592520298983,0.0937179999026291,-0.4185900937609329,0.1832026875699888
GLD,VC_CONTRARIAN,0.0002,0.005307608759445248,0.17387355887960992,0.11734383815329832,0.16574337956839214,0.09376305968841202,-0.43034091883746006,0.1832026875699888
GLD,VC_CONTRARIAN,0.001,-0.013105009850115978,0.17399506634286788,0.01115143589024844,0.015753497062121605,0.09373359714859836,-0.4750382578670107,0.1832026875699888
GLD,VC_FLAT,0.0,0.025209027391538852,0.10082777025613704,0.29740776384682105,0.3049364279107606,-0.31904056871214637,-0.2997393869881685,0.10235162374020157
GLD,VC_FLAT,0.0002,0.022566014565242654,0.10085559127227652,0.27175764827916754,0.2789531926404514,-0.3212672826441923,-0.30240358267839496,0.10235162374020157
GLD,VC_FLAT,0.001,0.01205803433585717,0.10100213355338535,0.1692394423391475,0.1745182117562071,-0.33033944290790485,-0.3129636746255233,0.10235162374020157
IEF,BH,0.0,0.027802573453277635,0.06977404600266683,0.4279095435325297,0.660735643019408,0.15561725326854262,-0.23924780132943113,0.0
IEF,BH,0.0002,0.027802573453277635,0.06977404600266683,0.4279095435325297,0.660735643019408,0.15561725326854262,-0.23924780132943113,0.0
IEF,BH,0.001,0.027802573453277635,0.06977404600266683,0.4279095435325297,0.660735643019408,0.15561725326854262,-0.23924780132943113,0.0
IEF,TSMOM,0.0,0.01770898403812793,0.06978803455823589,0.28643047271831806,0.4354739465036807,-0.0323306011821428,-0.16842237495881907,0.11377379619260919
IEF,TSMOM,0.0002,0.014794124017303734,0.06981596873936251,0.2452585326470311,0.37276886138891435,-0.031903322379568506,-0.1725731981238693,0.11377379619260919
IEF,TSMOM,0.001,0.0032121687064994298,0.07000488931627927,0.0808105174166507,0.12265255216695838,-0.03146320452220987,-0.18897846231746307,0.11377379619260919
IEF,VC_CONTRARIAN,0.0,-0.0018791069293364604,0.06979938771157065,0.007944013710772071,0.01202694994913195,0.027321157710470608,-0.3381276268627179,0.19843225083986563
IEF,VC_CONTRARIAN,0.0002,-0.006858285971279132,0.06982130956838471,-0.0636608762460221,-0.09630487663788304,0.027425249084717045,-0.3828943881446929,0.19843225083986563
IEF,VC_CONTRARIAN,0.001,-0.026537595134045522,0.07003767662318995,-0.34898898834523195,-0.526718624931602,0.02640532819238496,-0.534993325258349,0.19843225083986563
IEF,VC_FLAT,0.0,0.00933324169008376,0.04432052732147961,0.23176514657154795,0.2650858587761711,0.05506210369682504,-0.11521607374311515,0.11713325867861142
IEF,VC_FLAT,0.0002,0.0063576971188552545,0.044351061395406864,0.16506609090680763,0.18678068550427826,0.04769072960966457,-0.133095074192358,0.11713325867861142
IEF,VC_FLAT,0.001,-0.0054616673990519615,0.044570060899894785,-0.1005951594433766,-0.11467009930334103,0.015133194791747148,-0.2174448245556232,0.11713325867861142
IWM,BH,0.0,0.08821542363503787,0.24913484112022405,0.4644649169149218,0.6115268840017906,-0.348462469025301,-0.5425865983786615,0.0
IWM,BH,0.0002,0.08821542363503787,0.24913484112022405,0.4644649169149218,0.6115268840017906,-0.348462469025301,-0.5425865983786615,0.0
IWM,BH,0.001,0.08821542363503787,0.24913484112022405,0.4644649169149218,0.6115268840017906,-0.348462469025301,-0.5425865983786615,0.0
IWM,TSMOM,0.0,-0.048625276338128964,0.2492386681006848,-0.0753931184529887,-0.10380877420450915,0.11474947713914276,-0.7082301121141399,0.12676371780515117
IWM,TSMOM,0.0002,-0.05166360882352117,0.24925520066928175,-0.08820121215393745,-0.12145765339893554,0.11524443190731512,-0.7206312194076319,0.12676371780515117
IWM,TSMOM,0.001,-0.06372621922450672,0.249345320151554,-0.13940318769035057,-0.19205607693128324,0.11713456647688338,-0.7652045347175555,0.12676371780515117
IWM,VC_CONTRARIAN,0.0,-0.0032958737836155105,0.24923531166322577,0.11166978118828946,0.1537870193735771,-0.1529697989175611,-0.5325603705679942,0.20067189249720044
IWM,VC_CONTRARIAN,0.0002,-0.008330890516390688,0.24926819021029265,0.09137248248792534,0.12585338133839497,-0.15210022605533183,-0.5559425470400277,0.20067189249720044
IWM,VC_CONTRARIAN,0.001,-0.028227754634961078,0.24943614322551408,0.010235308402421693,0.01410793786398297,-0.14865733361821018,-0.6488471056497394,0.20067189249720044
IWM,VC_FLAT,0.0,-0.004351997487353376,0.13324074477809741,0.03392795614323866,0.03736086242644114,-0.10903869558664596,-0.4784195920519143,0.10593505039193729
IWM,VC_FLAT,0.0002,-0.007011616106532448,0.13328251766435006,0.013892449366430516,0.015165294364412467,-0.11154731705174689,-0.48621722099498477,0.10593505039193729
IWM,VC_FLAT,0.001,-0.01758336536509808,0.13347869522877637,-0.06610973703150769,-0.07237599892778952,-0.12182709625836843,-0.5539947965167458,0.10593505039193729
QQQ,BH,0.0,0.16837318731339312,0.22365152419526557,0.8078952331721957,1.0351993358338747,-0.06164316646507769,-0.493668004311519,0.0
QQQ,BH,0.0002,0.16837318731339312,0.22365152419526557,0.8078952331721957,1.0351993358338747,-0.06164316646507769,-0.493668004311519,0.0
QQQ,BH,0.001,0.16837318731339312,0.22365152419526557,0.8078952331721957,1.0351993358338747,-0.06164316646507769,-0.493668004311519,0.0
QQQ,TSMOM,0.0,0.03420814591260424,0.22391038861622933,0.26263201543297926,0.33391500043958794,-0.35962483791314415,-0.4984872483232883,0.08286674132138858
QQQ,TSMOM,0.0002,0.032052279905992354,0.2239055719136474,0.2533133135510595,0.32206214797942795,-0.36007136599604783,-0.5075571935112082,0.08286674132138858
QQQ,TSMOM,0.001,0.02346938964477574,0.22390418509314347,0.21601724481026147,0.2746402512267555,-0.3617639222833431,-0.5453471969215105,0.08286674132138858
QQQ,VC_CONTRARIAN,0.0,0.09099660739891302,0.22382958934791494,0.500953331053741,0.6865430932604557,0.15777239279691269,-0.4055290655661632,0.15946248600223964
QQQ,VC_CONTRARIAN,0.0002,0.08662403361881288,0.2238266043934885,0.48301060459835077,0.6619939917333529,0.15779743921681572,-0.4056441961421545,0.15946248600223964
QQQ,VC_CONTRARIAN,0.001,0.06929969281113846,0.22384770809858484,0.4111742079441908,0.5637977766118739,0.15782142796525447,-0.4061047184461192,0.15946248600223964
QQQ,VC_FLAT,0.0,0.08203301318019363,0.11492470250950138,0.7436791711371142,0.7125513422248443,-0.35428525188225435,-0.22673003900356126,0.06338185890257558
QQQ,VC_FLAT,0.0002,0.08030789137222527,0.11491686663164086,0.7298340509972718,0.7008996960334714,-0.35729600539592354,-0.23258578104853378,0.06338185890257558
QQQ,VC_FLAT,0.001,0.07343258619481152,0.11490315604165224,0.674331185981952,0.6496338210525926,-0.36905382443186635,-0.2555753590140162,0.06338185890257558
SLV,BH,0.0,0.08369278499378408,0.3109017894531959,0.4152158748363827,0.5383765535830293,-0.5057089873047143,-0.7628015142556765,0.0
SLV,BH,0.0002,0.08369278499378408,0.3109017894531959,0.4152158748363827,0.5383765535830293,-0.5057089873047143,-0.7628015142556765,0.0
SLV,BH,0.001,0.08369278499378408,0.3109017894531959,0.4152158748363827,0.5383765535830293,-0.5057089873047143,-0.7628015142556765,0.0
SLV,TSMOM,0.0,-0.08470393415141675,0.3109979004944768,-0.1288411899577226,-0.17773812042853354,0.030732444237209763,-0.9462552955829995,0.10929451287793952
SLV,TSMOM,0.0002,-0.08722229201691645,0.3109989544949946,-0.13769481848989626,-0.18998110019466416,0.031107190034705055,-0.9482821147881718,0.10929451287793952
SLV,TSMOM,0.001,-0.09723160543074638,0.31101991417925134,-0.1730994132465853,-0.23893714350018086,0.03259457650826084,-0.9556567399094759,0.10929451287793952
SLV,VC_CONTRARIAN,0.0,-0.1049006960232115,0.31098337179775976,-0.20035727444815493,-0.27564165760294884,-0.06957111764282939,-0.8822465785318465,0.18275475923852183
SLV,VC_CONTRARIAN,0.0002,-0.10901660430242843,0.310988758585044,-0.21515944753524557,-0.29608572638826897,-0.06928592545235052,-0.8876078677417345,0.18275475923852183
SLV,VC_CONTRARIAN,0.001,-0.1252999235592207,0.3110372138898311,-0.2743392768943325,-0.37777243556994394,-0.06814293177688818,-0.9119841085841259,0.18275475923852183
SLV,VC_FLAT,0.0,-0.06528580006426377,0.18041352452450138,-0.283729062485708,-0.29051845755680117,-0.20516201110824944,-0.8553155390051381,0.10660694288913773
SLV,VC_FLAT,0.0002,-0.06779514010988652,0.18041978676299078,-0.2986061260607706,-0.3057356530933944,-0.2073209983596827,-0.86004271138148,0.10660694288913773
SLV,VC_FLAT,0.001,-0.07776925838027049,0.18046689129881988,-0.358060289024002,-0.3675332962240503,-0.2159093046555624,-0.8774628766577961,0.10660694288913773
SPY,BH,0.0,0.11595245251304354,0.19895041347017597,0.651091646440242,0.7883221952058014,-0.00013084225677846258,-0.5148148790482734,0.0
SPY,BH,0.0002,0.11595245251304354,0.19895041347017597,0.651091646440242,0.7883221952058014,-0.00013084225677846258,-0.5148148790482734,0.0
SPY,BH,0.001,0.11595245251304354,0.19895041347017597,0.651091646440242,0.7883221952058014,-0.00013084225677846258,-0.5148148790482734,0.0
SPY,TSMOM,0.0,0.026344507570358777,0.19909670943980445,0.2306036964653948,0.280330238741372,-0.40855527255518753,-0.4611552674721593,0.07928331466965285
SPY,TSMOM,0.0002,0.024297683142392668,0.1990907892206516,0.22057748206138952,0.26818998995355686,-0.40865264535553314,-0.46791198019035996,0.07928331466965285
SPY,TSMOM,0.001,0.016147066002872634,0.19908638312550966,0.1804491887987157,0.21957754733950055,-0.4089100885652079,-0.4941149415796765,0.07928331466965285
SPY,VC_CONTRARIAN,0.0,0.020855085112131855,0.1991014177346098,0.20312535025706543,0.2628302250583866,0.23348724281072747,-0.4230668423686609,0.1343784994400896
SPY,VC_CONTRARIAN,0.0002,0.017402015677262295,0.19911519852149373,0.1861081703048232,0.2408794650600615,0.2339272154530955,-0.4232956218553201,0.1343784994400896
SPY,VC_CONTRARIAN,0.001,0.0036993324953753515,0.19920202983399307,0.11804420641243804,0.1529514001452832,0.23549566557707272,-0.4371908118771809,0.1343784994400896
SPY,VC_FLAT,0.0,0.039593932389000885,0.09312547134554734,0.4636485653023512,0.44400463330163814,-0.542386472430576,-0.27487766774129974,0.05711086226203808
SPY,VC_FLAT,0.0002,0.038099115483769985,0.09312777452311993,0.44818659012142464,0.43097670316253345,-0.5439503158704144,-0.28124017651566624,0.05711086226203808
SPY,VC_FLAT,0.001,0.032139218942367265,0.09315785663309327,0.3862597865193314,0.3727906366660406,-0.5498976642310814,-0.3061454565655044,0.05711086226203808
TLT,BH,0.0,0.026374820423814338,0.1542199871080147,0.24587191040971046,0.37753920248461764,0.08576566902075831,-0.48351165210563885,0.0
TLT,BH,0.0002,0.026374820423814338,0.1542199871080147,0.24587191040971046,0.37753920248461764,0.08576566902075831,-0.48351165210563885,0.0
TLT,BH,0.001,0.026374820423814338,0.1542199871080147,0.24587191040971046,0.37753920248461764,0.08576566902075831,-0.48351165210563885,0.0
TLT,TSMOM,0.0,0.02251337542905829,0.15422348651131784,0.22139771172646355,0.3483129701517166,0.14652399225795498,-0.4508029691368911,0.12497200447928332
TLT,TSMOM,0.0002,0.019296511707606268,0.15424041525862509,0.2009598950730056,0.31617789162777654,0.14769825769793923,-0.4561599760106656,0.12497200447928332
TLT,TSMOM,0.001,0.006523590431016579,0.15434637519536337,0.11922392266308124,0.18777500785781753,0.1521156974323214,-0.4770808003833107,0.12497200447928332
TLT,VC_CONTRARIAN,0.0,-0.04285764844832285,0.1542253932888807,-0.20684759016974127,-0.3150303314904765,-0.04415767677373338,-0.674271574058525,0.20963045912653974
TLT,VC_CONTRARIAN,0.0002,-0.047903248561417144,0.15424398326514188,-0.2410638966906332,-0.36713789576158523,-0.04249507211021136,-0.6963744849109543,0.20963045912653974
TLT,VC_CONTRARIAN,0.001,-0.06783093532554407,0.15437959887503236,-0.37769676097524557,-0.5755605777750158,-0.03598937479845818,-0.7708037301828036,0.20963045912653974
TLT,VC_FLAT,0.0,-0.003352166799084677,0.09469989454354917,0.011845715742933492,0.01427606095178848,0.22476464404015725,-0.317935322565028,0.12340425531914893
TLT,VC_FLAT,0.0002,-0.006448459103275628,0.09472430942337295,-0.02097986134224463,-0.024809112522779626,0.2232737488683204,-0.33336351214630133,0.12340425531914893
TLT,VC_FLAT,0.001,-0.018742611252433927,0.09487016650783912,-0.15203585115046753,-0.1811527951073623,0.21654614027096167,-0.3929725772195508,0.12340425531914893
USO,BH,0.0,-0.11822879283202903,0.3720869455058074,-0.1493634925510108,-0.19350200997143094,-0.6688401538508167,-0.9818692538851105,0.0
USO,BH,0.0002,-0.11822879283202903,0.3720869455058074,-0.1493634925510108,-0.19350200997143094,-0.6688401538508167,-0.9818692538851105,0.0
USO,BH,0.001,-0.11822879283202903,0.3720869455058074,-0.1493634925510108,-0.19350200997143094,-0.6688401538508167,-0.9818692538851105,0.0
USO,TSMOM,0.0,0.033478060160290424,0.37204815556235094,0.27359165268948693,0.3960032474184999,0.48913584709977515,-0.874752595877017,0.11422172452407615
USO,TSMOM,0.0002,0.03050786850570164,0.37204890166919546,0.26585625268588187,0.3848250954911416,0.48944372404109715,-0.8775795156095948,0.11422172452407615
USO,TSMOM,0.001,0.018706348791988292,0.37206647535782106,0.23490575156706164,0.34009969051713607,0.49061389942240147,-0.8882684926294019,0.11422172452407615
USO,VC_CONTRARIAN,0.0,-0.16451634083212152,0.37203935897287066,-0.2945676556635479,-0.39351044806749896,-0.5562266394465929,-0.9824485778401372,0.19529675251959686
USO,VC_CONTRARIAN,0.0002,-0.16862734546970481,0.37206083823382335,-0.30777530499136063,-0.4112320476012366,-0.5555513848701326,-0.9833698222467891,0.19529675251959686
USO,VC_CONTRARIAN,0.001,-0.1848781443655516,0.37217060910579114,-0.3605675445123765,-0.48213892403248393,-0.552774026842241,-0.9865974255835592,0.19529675251959686
USO,VC_FLAT,0.0,-0.024704821662965615,0.20526128439703306,-0.019003807877715648,-0.02064972006481809,-0.20784736543555302,-0.596017905660523,0.1135498320268757
USO,VC_FLAT,0.0002,-0.027494487291611303,0.205273763910709,-0.03293923651820161,-0.035511967099923526,-0.2106263097564536,-0.6067230382493023,0.1135498320268757
USO,VC_FLAT,0.001,-0.0385778905254891,0.20534383413180302,-0.0886553098878979,-0.09574217276217203,-0.22171543073246094,-0.6467957704866552,0.1135498320268757
UUP,BH,0.0,0.020501922833747965,0.0803195605148149,0.29283853284570444,0.4288962928259166,-0.03845255757829844,-0.22190949317778674,0.0
UUP,BH,0.0002,0.020501922833747965,0.0803195605148149,0.29283853284570444,0.4288962928259166,-0.03845255757829844,-0.22190949317778674,0.0
UUP,BH,0.001,0.020501922833747965,0.0803195605148149,0.29283853284570444,0.4288962928259166,-0.03845255757829844,-0.22190949317778674,0.0
UUP,TSMOM,0.0,0.012428507126491573,0.08032723271903687,0.19394102335699565,0.2819006378845051,-0.08992637740218656,-0.2396744792084563,0.10078387458006718
UUP,TSMOM,0.0002,0.009860782552859382,0.08033133809790374,0.16232221537372565,0.23594153834313372,-0.0889537206158895,-0.2440720546621582,0.10078387458006718
UUP,TSMOM,0.001,-0.00035023870182349093,0.08040776911821003,0.03585251753269182,0.052115282837589476,-0.08522285865708458,-0.2614180507820165,0.10078387458006718
UUP,VC_CONTRARIAN,0.0,0.0035776101618141265,0.08033208677622429,0.08462961410252036,0.12319003268038783,-0.10678445461617046,-0.32592885177211894,0.193505039193729
UUP,VC_CONTRARIAN,0.0002,-0.0013039977434622374,0.0803422857026319,0.02393805923474212,0.034834150834360256,-0.10486769546889531,-0.3428390603946866,0.193505039193729
UUP,VC_CONTRARIAN,0.001,-0.020603688973367618,0.08049258499485588,-0.21837666222038568,-0.31775822894330036,-0.09744966255435476,-0.4063729709006785,0.193505039193729
UUP,VC_FLAT,0.0,0.009899149302751153,0.05171703562924576,0.21634282542127545,0.23020366159009498,-0.31081806751801455,-0.19566610808896678,0.10817469204927212
UUP,VC_FLAT,0.0002,0.007150186232787403,0.051724954039469494,0.1636196284380656,0.17351921519000052,-0.3123656359300651,-0.206851985278803,0.10817469204927212
UUP,VC_FLAT,0.001,-0.003775053015893426,0.05182861965227173,-0.0470463935478984,-0.05047153645402676,-0.31804493665787953,-0.2502515512743402,0.10817469204927212
VGK,BH,0.0,0.04868128266621152,0.23770017312005584,0.3193550200341147,0.3958290497715288,-0.33609977350888665,-0.6098812479102773,0.0
VGK,BH,0.0002,0.04868128266621152,0.23770017312005584,0.3193550200341147,0.3958290497715288,-0.33609977350888665,-0.6098812479102773,0.0
VGK,BH,0.001,0.04868128266621152,0.23770017312005584,0.3193550200341147,0.3958290497715288,-0.33609977350888665,-0.6098812479102773,0.0
VGK,TSMOM,0.0,0.004743664935319858,0.2377391538303826,0.13907374625072072,0.17872584631348135,-0.13647849054937378,-0.574136878645783,0.11332586786114222
VGK,TSMOM,0.0002,0.0018787561221056404,0.23773907358914645,0.1270641038674161,0.16331562262608862,-0.13651477941750037,-0.5874798621854005,0.11332586786114222
VGK,TSMOM,0.001,-0.009505084148010434,0.23776141532401687,0.07901792079719505,0.10158579832728451,-0.13663077949977975,-0.6563086288662952,0.11332586786114222
VGK,VC_CONTRARIAN,0.0,0.05872210711131998,0.23768748423773367,0.3590252302136647,0.47471997320926534,0.023922522285416237,-0.4566885472078547,0.18275475923852183
VGK,VC_CONTRARIAN,0.0002,0.05386091306820662,0.23768063305603537,0.3396634130202456,0.44920971798683107,0.02437776670249681,-0.4573339763630656,0.18275475923852183
VGK,VC_CONTRARIAN,0.001,0.03462879342493608,0.23768844046012508,0.26216613670005234,0.3469965499323164,0.026192213683992088,-0.4621681586630745,0.18275475923852183
VGK,VC_FLAT,0.0,0.05267886114958542,0.12531049600673122,0.4724228307845294,0.5053063288381021,-0.1523490030280288,-0.21286518291183476,0.0916013437849944
VGK,VC_FLAT,0.0002,0.05025387246895874,0.12530061636006798,0.45404167922392286,0.48473541442737766,-0.15436670892310986,-0.21585322487909187,0.0916013437849944
VGK,VC_FLAT,0.001,0.040605936591268765,0.12528792054657845,0.38040661932621506,0.4072740307500318,-0.16232963672848133,-0.2276978083373694,0.0916013437849944
